{
    "Breakout": {
        "Location": {
            "X": 85.0,
            "Y": 0.0,
            "Z": -9.0
        },
        "Rotation": {
            "Pitch": -14,
            "Roll": 0,
            "Yaw": 0
        }
    },
    "Dominus": {
        "Location": {
            "X": -60.099998474121094,
            "Y": 0.0,
            "Z": -1.7999999523162842
        },
        "Rotation": {
            "Pitch": 0,
            "Roll": 0,
            "Yaw": 180
        }
    },
    "Fennec": {
        "Location": {
            "X": 76.19999694824219,
            "Y": 0.0,
            "Z": -4.800000190734863
        },
        "Rotation": {
            "Pitch": -2,
            "Roll": 0,
            "Yaw": 0
        }
    },
    "Octane": {
        "Location": {
            "X": 77.9000015258789,
            "Y": 0.0,
            "Z": -2.0
        },
        "Rotation": {
            "Pitch": -13,
            "Roll": 0,
            "Yaw": 0
        }
    }
}